file_name;key_repr
xortool_out/000.out;&}"\xd2\x9a\xc6\xe1\x8d
xortool_out/001.out;'|#\xd3\x9b\xc7\xe0\x8c
xortool_out/002.out;$\x7f \xd0\x98\xc4\xe3\x8f
xortool_out/003.out;%~!\xd1\x99\xc5\xe2\x8e
xortool_out/004.out;"y&\xd6\x9e\xc2\xe5\x89
xortool_out/005.out;#x'\xd7\x9f\xc3\xe4\x88
xortool_out/006.out; {$\xd4\x9c\xc0\xe7\x8b
xortool_out/007.out;!z%\xd5\x9d\xc1\xe6\x8a
xortool_out/008.out;.u*\xda\x92\xce\xe9\x85
xortool_out/009.out;\x2ft+\xdb\x93\xcf\xe8\x84
xortool_out/010.out;,w(\xd8\x90\xcc\xeb\x87
xortool_out/011.out;-v)\xd9\x91\xcd\xea\x86
xortool_out/012.out;*q.\xde\x96\xca\xed\x81
xortool_out/013.out;+p\x2f\xdf\x97\xcb\xec\x80
xortool_out/014.out;(s,\xdc\x94\xc8\xef\x83
xortool_out/015.out;)r-\xdd\x95\xc9\xee\x82
xortool_out/016.out;6m2\xc2\x8a\xd6\xf1\x9d
xortool_out/017.out;7l3\xc3\x8b\xd7\xf0\x9c
xortool_out/018.out;4o0\xc0\x88\xd4\xf3\x9f
xortool_out/019.out;5n1\xc1\x89\xd5\xf2\x9e
xortool_out/020.out;2i6\xc6\x8e\xd2\xf5\x99
xortool_out/021.out;3h7\xc7\x8f\xd3\xf4\x98
xortool_out/022.out;0k4\xc4\x8c\xd0\xf7\x9b
xortool_out/023.out;1j5\xc5\x8d\xd1\xf6\x9a
xortool_out/024.out;>e:\xca\x82\xde\xf9\x95
xortool_out/025.out;?d;\xcb\x83\xdf\xf8\x94
xortool_out/026.out;<g8\xc8\x80\xdc\xfb\x97
xortool_out/027.out;=f9\xc9\x81\xdd\xfa\x96
xortool_out/028.out;:a>\xce\x86\xda\xfd\x91
xortool_out/029.out;;`?\xcf\x87\xdb\xfc\x90
xortool_out/030.out;8c<\xcc\x84\xd8\xff\x93
xortool_out/031.out;9b=\xcd\x85\xd9\xfe\x92
xortool_out/032.out;\x06]\x02\xf2\xba\xe6\xc1\xad
xortool_out/033.out;\x07\\\x03\xf3\xbb\xe7\xc0\xac
xortool_out/034.out;\x04_\x00\xf0\xb8\xe4\xc3\xaf
xortool_out/035.out;\x05^\x01\xf1\xb9\xe5\xc2\xae
xortool_out/036.out;\x02Y\x06\xf6\xbe\xe2\xc5\xa9
xortool_out/037.out;\x03X\x07\xf7\xbf\xe3\xc4\xa8
xortool_out/038.out;\x00[\x04\xf4\xbc\xe0\xc7\xab
xortool_out/039.out;\x01Z\x05\xf5\xbd\xe1\xc6\xaa
xortool_out/040.out;\x0eU\n\xfa\xb2\xee\xc9\xa5
xortool_out/041.out;\x0fT\x0b\xfb\xb3\xef\xc8\xa4
xortool_out/042.out;\x0cW\x08\xf8\xb0\xec\xcb\xa7
xortool_out/043.out;\rV\t\xf9\xb1\xed\xca\xa6
xortool_out/044.out;\nQ\x0e\xfe\xb6\xea\xcd\xa1
xortool_out/045.out;\x0bP\x0f\xff\xb7\xeb\xcc\xa0
xortool_out/046.out;\x08S\x0c\xfc\xb4\xe8\xcf\xa3
xortool_out/047.out;\tR\r\xfd\xb5\xe9\xce\xa2
xortool_out/048.out;\x16M\x12\xe2\xaa\xf6\xd1\xbd
xortool_out/049.out;\x17L\x13\xe3\xab\xf7\xd0\xbc
xortool_out/050.out;\x14O\x10\xe0\xa8\xf4\xd3\xbf
xortool_out/051.out;\x15N\x11\xe1\xa9\xf5\xd2\xbe
xortool_out/052.out;\x12I\x16\xe6\xae\xf2\xd5\xb9
xortool_out/053.out;\x13H\x17\xe7\xaf\xf3\xd4\xb8
xortool_out/054.out;\x10K\x14\xe4\xac\xf0\xd7\xbb
xortool_out/055.out;\x11J\x15\xe5\xad\xf1\xd6\xba
xortool_out/056.out;\x1eE\x1a\xea\xa2\xfe\xd9\xb5
xortool_out/057.out;\x1fD\x1b\xeb\xa3\xff\xd8\xb4
xortool_out/058.out;\x1cG\x18\xe8\xa0\xfc\xdb\xb7
xortool_out/059.out;\x1dF\x19\xe9\xa1\xfd\xda\xb6
xortool_out/060.out;\x1aA\x1e\xee\xa6\xfa\xdd\xb1
xortool_out/061.out;\x1b@\x1f\xef\xa7\xfb\xdc\xb0
xortool_out/062.out;\x18C\x1c\xec\xa4\xf8\xdf\xb3
xortool_out/063.out;\x19B\x1d\xed\xa5\xf9\xde\xb2
xortool_out/064.out;f=b\x92\xda\x86\xa1\xcd
xortool_out/065.out;g<c\x93\xdb\x87\xa0\xcc
xortool_out/066.out;d?`\x90\xd8\x84\xa3\xcf
xortool_out/067.out;e>a\x91\xd9\x85\xa2\xce
xortool_out/068.out;b9f\x96\xde\x82\xa5\xc9
xortool_out/069.out;c8g\x97\xdf\x83\xa4\xc8
xortool_out/070.out;`;d\x94\xdc\x80\xa7\xcb
xortool_out/071.out;a:e\x95\xdd\x81\xa6\xca
xortool_out/072.out;n5j\x9a\xd2\x8e\xa9\xc5
xortool_out/073.out;o4k\x9b\xd3\x8f\xa8\xc4
xortool_out/074.out;l7h\x98\xd0\x8c\xab\xc7
xortool_out/075.out;m6i\x99\xd1\x8d\xaa\xc6
xortool_out/076.out;j1n\x9e\xd6\x8a\xad\xc1
xortool_out/077.out;k0o\x9f\xd7\x8b\xac\xc0
xortool_out/078.out;h3l\x9c\xd4\x88\xaf\xc3
xortool_out/079.out;i2m\x9d\xd5\x89\xae\xc2
xortool_out/080.out;v-r\x82\xca\x96\xb1\xdd
xortool_out/081.out;w,s\x83\xcb\x97\xb0\xdc
xortool_out/082.out;t\x2fp\x80\xc8\x94\xb3\xdf
xortool_out/083.out;u.q\x81\xc9\x95\xb2\xde
xortool_out/084.out;r)v\x86\xce\x92\xb5\xd9
xortool_out/085.out;s(w\x87\xcf\x93\xb4\xd8
xortool_out/086.out;p+t\x84\xcc\x90\xb7\xdb
xortool_out/087.out;q*u\x85\xcd\x91\xb6\xda
xortool_out/088.out;~%z\x8a\xc2\x9e\xb9\xd5
xortool_out/089.out;\x7f${\x8b\xc3\x9f\xb8\xd4
xortool_out/090.out;|'x\x88\xc0\x9c\xbb\xd7
xortool_out/091.out;}&y\x89\xc1\x9d\xba\xd6
xortool_out/092.out;z!~\x8e\xc6\x9a\xbd\xd1
xortool_out/093.out;{ \x7f\x8f\xc7\x9b\xbc\xd0
xortool_out/094.out;x#|\x8c\xc4\x98\xbf\xd3
xortool_out/095.out;y"}\x8d\xc5\x99\xbe\xd2
xortool_out/096.out;F\x1dB\xb2\xfa\xa6\x81\xed
xortool_out/097.out;G\x1cC\xb3\xfb\xa7\x80\xec
xortool_out/098.out;D\x1f@\xb0\xf8\xa4\x83\xef
xortool_out/099.out;E\x1eA\xb1\xf9\xa5\x82\xee
xortool_out/100.out;B\x19F\xb6\xfe\xa2\x85\xe9
xortool_out/101.out;C\x18G\xb7\xff\xa3\x84\xe8
xortool_out/102.out;@\x1bD\xb4\xfc\xa0\x87\xeb
xortool_out/103.out;A\x1aE\xb5\xfd\xa1\x86\xea
xortool_out/104.out;N\x15J\xba\xf2\xae\x89\xe5
xortool_out/105.out;O\x14K\xbb\xf3\xaf\x88\xe4
xortool_out/106.out;L\x17H\xb8\xf0\xac\x8b\xe7
xortool_out/107.out;M\x16I\xb9\xf1\xad\x8a\xe6
xortool_out/108.out;J\x11N\xbe\xf6\xaa\x8d\xe1
xortool_out/109.out;K\x10O\xbf\xf7\xab\x8c\xe0
xortool_out/110.out;H\x13L\xbc\xf4\xa8\x8f\xe3
xortool_out/111.out;I\x12M\xbd\xf5\xa9\x8e\xe2
xortool_out/112.out;V\rR\xa2\xea\xb6\x91\xfd
xortool_out/113.out;W\x0cS\xa3\xeb\xb7\x90\xfc
xortool_out/114.out;T\x0fP\xa0\xe8\xb4\x93\xff
xortool_out/115.out;U\x0eQ\xa1\xe9\xb5\x92\xfe
xortool_out/116.out;R\tV\xa6\xee\xb2\x95\xf9
xortool_out/117.out;S\x08W\xa7\xef\xb3\x94\xf8
xortool_out/118.out;P\x0bT\xa4\xec\xb0\x97\xfb
xortool_out/119.out;Q\nU\xa5\xed\xb1\x96\xfa
xortool_out/120.out;^\x05Z\xaa\xe2\xbe\x99\xf5
xortool_out/121.out;_\x04[\xab\xe3\xbf\x98\xf4
xortool_out/122.out;\\\x07X\xa8\xe0\xbc\x9b\xf7
xortool_out/123.out;]\x06Y\xa9\xe1\xbd\x9a\xf6
xortool_out/124.out;Z\x01^\xae\xe6\xba\x9d\xf1
xortool_out/125.out;[\x00_\xaf\xe7\xbb\x9c\xf0
xortool_out/126.out;X\x03\\\xac\xe4\xb8\x9f\xf3
xortool_out/127.out;Y\x02]\xad\xe5\xb9\x9e\xf2
xortool_out/128.out;\xa6\xfd\xa2R\x1aFa\r
xortool_out/129.out;\xa7\xfc\xa3S\x1bG`\x0c
xortool_out/130.out;\xa4\xff\xa0P\x18Dc\x0f
xortool_out/131.out;\xa5\xfe\xa1Q\x19Eb\x0e
xortool_out/132.out;\xa2\xf9\xa6V\x1eBe\t
xortool_out/133.out;\xa3\xf8\xa7W\x1fCd\x08
xortool_out/134.out;\xa0\xfb\xa4T\x1c@g\x0b
xortool_out/135.out;\xa1\xfa\xa5U\x1dAf\n
xortool_out/136.out;\xae\xf5\xaaZ\x12Ni\x05
xortool_out/137.out;\xaf\xf4\xab[\x13Oh\x04
xortool_out/138.out;\xac\xf7\xa8X\x10Lk\x07
xortool_out/139.out;\xad\xf6\xa9Y\x11Mj\x06
xortool_out/140.out;\xaa\xf1\xae^\x16Jm\x01
xortool_out/141.out;\xab\xf0\xaf_\x17Kl\x00
xortool_out/142.out;\xa8\xf3\xac\\\x14Ho\x03
xortool_out/143.out;\xa9\xf2\xad]\x15In\x02
xortool_out/144.out;\xb6\xed\xb2B\nVq\x1d
xortool_out/145.out;\xb7\xec\xb3C\x0bWp\x1c
xortool_out/146.out;\xb4\xef\xb0@\x08Ts\x1f
xortool_out/147.out;\xb5\xee\xb1A\tUr\x1e
xortool_out/148.out;\xb2\xe9\xb6F\x0eRu\x19
xortool_out/149.out;\xb3\xe8\xb7G\x0fSt\x18
xortool_out/150.out;\xb0\xeb\xb4D\x0cPw\x1b
xortool_out/151.out;\xb1\xea\xb5E\rQv\x1a
xortool_out/152.out;\xbe\xe5\xbaJ\x02^y\x15
xortool_out/153.out;\xbf\xe4\xbbK\x03_x\x14
xortool_out/154.out;\xbc\xe7\xb8H\x00\\{\x17
xortool_out/155.out;\xbd\xe6\xb9I\x01]z\x16
xortool_out/156.out;\xba\xe1\xbeN\x06Z}\x11
xortool_out/157.out;\xbb\xe0\xbfO\x07[|\x10
xortool_out/158.out;\xb8\xe3\xbcL\x04X\x7f\x13
xortool_out/159.out;\xb9\xe2\xbdM\x05Y~\x12
xortool_out/160.out;\x86\xdd\x82r:fA-
xortool_out/161.out;\x87\xdc\x83s;g@,
xortool_out/162.out;\x84\xdf\x80p8dC\x2f
xortool_out/163.out;\x85\xde\x81q9eB.
xortool_out/164.out;\x82\xd9\x86v>bE)
xortool_out/165.out;\x83\xd8\x87w?cD(
xortool_out/166.out;\x80\xdb\x84t<`G+
xortool_out/167.out;\x81\xda\x85u=aF*
xortool_out/168.out;\x8e\xd5\x8az2nI%
xortool_out/169.out;\x8f\xd4\x8b{3oH$
xortool_out/170.out;\x8c\xd7\x88x0lK'
xortool_out/171.out;\x8d\xd6\x89y1mJ&
xortool_out/172.out;\x8a\xd1\x8e~6jM!
xortool_out/173.out;\x8b\xd0\x8f\x7f7kL 
xortool_out/174.out;\x88\xd3\x8c|4hO#
xortool_out/175.out;\x89\xd2\x8d}5iN"
xortool_out/176.out;\x96\xcd\x92b*vQ=
xortool_out/177.out;\x97\xcc\x93c+wP<
xortool_out/178.out;\x94\xcf\x90`(tS?
xortool_out/179.out;\x95\xce\x91a)uR>
xortool_out/180.out;\x92\xc9\x96f.rU9
xortool_out/181.out;\x93\xc8\x97g\x2fsT8
xortool_out/182.out;\x90\xcb\x94d,pW;
xortool_out/183.out;\x91\xca\x95e-qV:
xortool_out/184.out;\x9e\xc5\x9aj"~Y5
xortool_out/185.out;\x9f\xc4\x9bk#\x7fX4
xortool_out/186.out;\x9c\xc7\x98h |[7
xortool_out/187.out;\x9d\xc6\x99i!}Z6
xortool_out/188.out;\x9a\xc1\x9en&z]1
xortool_out/189.out;\x9b\xc0\x9fo'{\\0
xortool_out/190.out;\x98\xc3\x9cl$x_3
xortool_out/191.out;\x99\xc2\x9dm%y^2
xortool_out/192.out;\xe6\xbd\xe2\x12Z\x06!M
xortool_out/193.out;\xe7\xbc\xe3\x13[\x07 L
xortool_out/194.out;\xe4\xbf\xe0\x10X\x04#O
xortool_out/195.out;\xe5\xbe\xe1\x11Y\x05"N
xortool_out/196.out;\xe2\xb9\xe6\x16^\x02%I
xortool_out/197.out;\xe3\xb8\xe7\x17_\x03$H
xortool_out/198.out;\xe0\xbb\xe4\x14\\\x00'K
xortool_out/199.out;\xe1\xba\xe5\x15]\x01&J
xortool_out/200.out;\xee\xb5\xea\x1aR\x0e)E
xortool_out/201.out;\xef\xb4\xeb\x1bS\x0f(D
xortool_out/202.out;\xec\xb7\xe8\x18P\x0c+G
xortool_out/203.out;\xed\xb6\xe9\x19Q\r*F
xortool_out/204.out;\xea\xb1\xee\x1eV\n-A
xortool_out/205.out;\xeb\xb0\xef\x1fW\x0b,@
xortool_out/206.out;\xe8\xb3\xec\x1cT\x08\x2fC
xortool_out/207.out;\xe9\xb2\xed\x1dU\t.B
xortool_out/208.out;\xf6\xad\xf2\x02J\x161]
xortool_out/209.out;\xf7\xac\xf3\x03K\x170\\
xortool_out/210.out;\xf4\xaf\xf0\x00H\x143_
xortool_out/211.out;\xf5\xae\xf1\x01I\x152^
xortool_out/212.out;\xf2\xa9\xf6\x06N\x125Y
xortool_out/213.out;\xf3\xa8\xf7\x07O\x134X
xortool_out/214.out;\xf0\xab\xf4\x04L\x107[
xortool_out/215.out;\xf1\xaa\xf5\x05M\x116Z
xortool_out/216.out;\xfe\xa5\xfa\nB\x1e9U
xortool_out/217.out;\xff\xa4\xfb\x0bC\x1f8T
xortool_out/218.out;\xfc\xa7\xf8\x08@\x1c;W
xortool_out/219.out;\xfd\xa6\xf9\tA\x1d:V
xortool_out/220.out;\xfa\xa1\xfe\x0eF\x1a=Q
xortool_out/221.out;\xfb\xa0\xff\x0fG\x1b<P
xortool_out/222.out;\xf8\xa3\xfc\x0cD\x18?S
xortool_out/223.out;\xf9\xa2\xfd\rE\x19>R
xortool_out/224.out;\xc6\x9d\xc22z&\x01m
xortool_out/225.out;\xc7\x9c\xc33{'\x00l
xortool_out/226.out;\xc4\x9f\xc00x$\x03o
xortool_out/227.out;\xc5\x9e\xc11y%\x02n
xortool_out/228.out;\xc2\x99\xc66~"\x05i
xortool_out/229.out;\xc3\x98\xc77\x7f#\x04h
xortool_out/230.out;\xc0\x9b\xc44| \x07k
xortool_out/231.out;\xc1\x9a\xc55}!\x06j
xortool_out/232.out;\xce\x95\xca:r.\te
xortool_out/233.out;\xcf\x94\xcb;s\x2f\x08d
xortool_out/234.out;\xcc\x97\xc88p,\x0bg
xortool_out/235.out;\xcd\x96\xc99q-\nf
xortool_out/236.out;\xca\x91\xce>v*\ra
xortool_out/237.out;\xcb\x90\xcf?w+\x0c`
xortool_out/238.out;\xc8\x93\xcc<t(\x0fc
xortool_out/239.out;\xc9\x92\xcd=u)\x0eb
xortool_out/240.out;\xd6\x8d\xd2"j6\x11}
xortool_out/241.out;\xd7\x8c\xd3#k7\x10|
xortool_out/242.out;\xd4\x8f\xd0 h4\x13\x7f
xortool_out/243.out;\xd5\x8e\xd1!i5\x12~
xortool_out/244.out;\xd2\x89\xd6&n2\x15y
xortool_out/245.out;\xd3\x88\xd7'o3\x14x
xortool_out/246.out;\xd0\x8b\xd4$l0\x17{
xortool_out/247.out;\xd1\x8a\xd5%m1\x16z
xortool_out/248.out;\xde\x85\xda*b>\x19u
xortool_out/249.out;\xdf\x84\xdb+c?\x18t
xortool_out/250.out;\xdc\x87\xd8(`<\x1bw
xortool_out/251.out;\xdd\x86\xd9)a=\x1av
xortool_out/252.out;\xda\x81\xde.f:\x1dq
xortool_out/253.out;\xdb\x80\xdf\x2fg;\x1cp
xortool_out/254.out;\xd8\x83\xdc,d8\x1fs
xortool_out/255.out;\xd9\x82\xdd-e9\x1er
